title,genres,overview,keywords,cast,crew
Mad Max Fury Road 1,Action Adventure,Post-apocalyptic road war,survival chase,Tom Hardy Charlize Theron,George Miller
John Wick 2,Action Crime,An ex-hitman seeks revenge,assassin revenge,Keanu Reeves,Chad Stahelski
Die Hard ,Action Thriller,Cop fights terrorists in a skyscraper,terrorist hostage,Bruce Willis,John McTiernan
Gladiator 4,Action Drama,A Roman general seeks revenge,roman empire,Russell Crowe,Ridley Scott
The Dark Knight 5,Action Crime,Batman faces the Joker,joker batman,Christian Bale,Christopher Nolan
The Hangover 6,Comedy,Friends wake up after wild party,vegas friends,Bradley Cooper,Todd Phillips
Superbad 7,Comedy,Teens try to enjoy their last school days,teen party,Jonah Hill,Greg Mottola
Home Alone 8,Comedy Family,Boy defends home from burglars,kids burglars,Macaulay Culkin,Chris Columbus
Dumb and Dumber 9,Comedy,Two foolish friends travel,stupid friends,Jim Carrey,Peter Farrelly
Ted 10,Comedy Fantasy,Man's teddy bear comes alive,talking toy,Mark Wahlberg,Seth MacFarlane
Forrest Gump 11,Drama Romance,Man influences historical events,life journey,Tom Hanks,Robert Zemeckis
The Shawshank Redemption 12,Drama,Hope and friendship in prison,prison escape,Tim Robbins,Frank Darabont
Fight Club 13,Drama,An underground fight club,split personality,Brad Pitt,David Fincher
Joker 14,Drama Crime,Man descends into madness,mental illness,Joaquin Phoenix,Todd Phillips
Whiplash 15,Drama Music,Drummer pushed to greatness,music obsession,Miles Teller,Damien Chazelle
Interstellar 16,Sci-Fi Adventure,Journey through space and time,space time,Matthew McConaughey,Christopher Nolan
Inception 17,Sci-Fi Thriller,Dream invasion heist,dream mind,Leonardo DiCaprio,Christopher Nolan
The Matrix 18,Sci-Fi Action,Reality is a simulation,virtual reality,Keanu Reeves,Wachowskis
Avatar 19,Sci-Fi Fantasy,Humans explore alien planet,alien world,Sam Worthington,James Cameron
Blade Runner 20,Sci-Fi Noir,Hunter tracks replicants,android future,Harrison Ford,Ridley Scott
The Conjuring 21,Horror,Paranormal investigators face evil,haunted house,Vera Farmiga,James Wan
It 22,Horror,Evil clown terrorizes children,killer clown,Bill Skarsgård,Andy Muschietti
Get Out 23,Horror Thriller,Dark secrets of a family,racial horror,Daniel Kaluuya,Jordan Peele
A Quiet Place 24,Horror Sci-Fi,Family survives deadly creatures,silence monsters,Emily Blunt,John Krasinski
The Exorcist 25,Horror,Child possessed by demon,demon possession,Linda Blair,William Friedkin
Titanic 26,Romance Drama,Love story on doomed ship,ship disaster,Leonardo DiCaprio,James Cameron
The Notebook 27,Romance,Enduring love story,true love,Ryan Gosling,Nick Cassavetes
La La Land 28,Romance Music,Love between artists,dream love,Ryan Gosling,Damien Chazelle
Before Sunrise 29,Romance,Two strangers meet in Vienna,travel love,Ethan Hawke,Richard Linklater
Pride and Prejudice 30,Romance Drama,Classic love story,society marriage,Keira Knightley,Joe Wright
Mad Max Fury Road 31,Action Adventure,Post-apocalyptic road war,survival chase,Tom Hardy Charlize Theron,George Miller
John Wick 32,Action Crime,An ex-hitman seeks revenge,assassin revenge,Keanu Reeves,Chad Stahelski
Die Hard 33,Action Thriller,Cop fights terrorists in a skyscraper,terrorist hostage,Bruce Willis,John McTiernan
Gladiator 34,Action Drama,A Roman general seeks revenge,roman empire,Russell Crowe,Ridley Scott
The Dark Knight 35,Action Crime,Batman faces the Joker,joker batman,Christian Bale,Christopher Nolan
The Hangover 36,Comedy,Friends wake up after wild party,vegas friends,Bradley Cooper,Todd Phillips
Superbad 37,Comedy,Teens try to enjoy their last school days,teen party,Jonah Hill,Greg Mottola
Home Alone 38,Comedy Family,Boy defends home from burglars,kids burglars,Macaulay Culkin,Chris Columbus
Dumb and Dumber 39,Comedy,Two foolish friends travel,stupid friends,Jim Carrey,Peter Farrelly
Ted 40,Comedy Fantasy,Man's teddy bear comes alive,talking toy,Mark Wahlberg,Seth MacFarlane
Forrest Gump 41,Drama Romance,Man influences historical events,life journey,Tom Hanks,Robert Zemeckis
The Shawshank Redemption 42,Drama,Hope and friendship in prison,prison escape,Tim Robbins,Frank Darabont
Fight Club 43,Drama,An underground fight club,split personality,Brad Pitt,David Fincher
Joker 44,Drama Crime,Man descends into madness,mental illness,Joaquin Phoenix,Todd Phillips
Whiplash 45,Drama Music,Drummer pushed to greatness,music obsession,Miles Teller,Damien Chazelle
Interstellar 46,Sci-Fi Adventure,Journey through space and time,space time,Matthew McConaughey,Christopher Nolan
Inception 47,Sci-Fi Thriller,Dream invasion heist,dream mind,Leonardo DiCaprio,Christopher Nolan
The Matrix 48,Sci-Fi Action,Reality is a simulation,virtual reality,Keanu Reeves,Wachowskis
Avatar 49,Sci-Fi Fantasy,Humans explore alien planet,alien world,Sam Worthington,James Cameron
Blade Runner 50,Sci-Fi Noir,Hunter tracks replicants,android future,Harrison Ford,Ridley Scott
The Conjuring 51,Horror,Paranormal investigators face evil,haunted house,Vera Farmiga,James Wan
It 52,Horror,Evil clown terrorizes children,killer clown,Bill Skarsgård,Andy Muschietti
Get Out 53,Horror Thriller,Dark secrets of a family,racial horror,Daniel Kaluuya,Jordan Peele
A Quiet Place 54,Horror Sci-Fi,Family survives deadly creatures,silence monsters,Emily Blunt,John Krasinski
The Exorcist 55,Horror,Child possessed by demon,demon possession,Linda Blair,William Friedkin
Titanic 56,Romance Drama,Love story on doomed ship,ship disaster,Leonardo DiCaprio,James Cameron
The Notebook 57,Romance,Enduring love story,true love,Ryan Gosling,Nick Cassavetes
La La Land 58,Romance Music,Love between artists,dream love,Ryan Gosling,Damien Chazelle
Before Sunrise 59,Romance,Two strangers meet in Vienna,travel love,Ethan Hawke,Richard Linklater
Pride and Prejudice 60,Romance Drama,Classic love story,society marriage,Keira Knightley,Joe Wright
Mad Max Fury Road 61,Action Adventure,Post-apocalyptic road war,survival chase,Tom Hardy Charlize Theron,George Miller
John Wick 62,Action Crime,An ex-hitman seeks revenge,assassin revenge,Keanu Reeves,Chad Stahelski
Die Hard 63,Action Thriller,Cop fights terrorists in a skyscraper,terrorist hostage,Bruce Willis,John McTiernan
Gladiator 64,Action Drama,A Roman general seeks revenge,roman empire,Russell Crowe,Ridley Scott
The Dark Knight 65,Action Crime,Batman faces the Joker,joker batman,Christian Bale,Christopher Nolan
The Hangover 66,Comedy,Friends wake up after wild party,vegas friends,Bradley Cooper,Todd Phillips
Superbad 67,Comedy,Teens try to enjoy their last school days,teen party,Jonah Hill,Greg Mottola
Home Alone 68,Comedy Family,Boy defends home from burglars,kids burglars,Macaulay Culkin,Chris Columbus
Dumb and Dumber 69,Comedy,Two foolish friends travel,stupid friends,Jim Carrey,Peter Farrelly
Ted 70,Comedy Fantasy,Man's teddy bear comes alive,talking toy,Mark Wahlberg,Seth MacFarlane
Forrest Gump 71,Drama Romance,Man influences historical events,life journey,Tom Hanks,Robert Zemeckis
The Shawshank Redemption 72,Drama,Hope and friendship in prison,prison escape,Tim Robbins,Frank Darabont
Fight Club 73,Drama,An underground fight club,split personality,Brad Pitt,David Fincher
Joker 74,Drama Crime,Man descends into madness,mental illness,Joaquin Phoenix,Todd Phillips
Whiplash 75,Drama Music,Drummer pushed to greatness,music obsession,Miles Teller,Damien Chazelle
Interstellar 76,Sci-Fi Adventure,Journey through space and time,space time,Matthew McConaughey,Christopher Nolan
Inception 77,Sci-Fi Thriller,Dream invasion heist,dream mind,Leonardo DiCaprio,Christopher Nolan
The Matrix 78,Sci-Fi Action,Reality is a simulation,virtual reality,Keanu Reeves,Wachowskis
Avatar 79,Sci-Fi Fantasy,Humans explore alien planet,alien world,Sam Worthington,James Cameron
Blade Runner 80,Sci-Fi Noir,Hunter tracks replicants,android future,Harrison Ford,Ridley Scott
The Conjuring 81,Horror,Paranormal investigators face evil,haunted house,Vera Farmiga,James Wan
It 82,Horror,Evil clown terrorizes children,killer clown,Bill Skarsgård,Andy Muschietti
Get Out 83,Horror Thriller,Dark secrets of a family,racial horror,Daniel Kaluuya,Jordan Peele
A Quiet Place 84,Horror Sci-Fi,Family survives deadly creatures,silence monsters,Emily Blunt,John Krasinski
The Exorcist 85,Horror,Child possessed by demon,demon possession,Linda Blair,William Friedkin
Titanic 86,Romance Drama,Love story on doomed ship,ship disaster,Leonardo DiCaprio,James Cameron
The Notebook 87,Romance,Enduring love story,true love,Ryan Gosling,Nick Cassavetes
La La Land 88,Romance Music,Love between artists,dream love,Ryan Gosling,Damien Chazelle
Before Sunrise 89,Romance,Two strangers meet in Vienna,travel love,Ethan Hawke,Richard Linklater
Pride and Prejudice 90,Romance Drama,Classic love story,society marriage,Keira Knightley,Joe Wright
Mad Max Fury Road 91,Action Adventure,Post-apocalyptic road war,survival chase,Tom Hardy Charlize Theron,George Miller
John Wick 92,Action Crime,An ex-hitman seeks revenge,assassin revenge,Keanu Reeves,Chad Stahelski
Die Hard 93,Action Thriller,Cop fights terrorists in a skyscraper,terrorist hostage,Bruce Willis,John McTiernan
Gladiator 94,Action Drama,A Roman general seeks revenge,roman empire,Russell Crowe,Ridley Scott
The Dark Knight 95,Action Crime,Batman faces the Joker,joker batman,Christian Bale,Christopher Nolan
The Hangover 96,Comedy,Friends wake up after wild party,vegas friends,Bradley Cooper,Todd Phillips
Superbad 97,Comedy,Teens try to enjoy their last school days,teen party,Jonah Hill,Greg Mottola
Home Alone 98,Comedy Family,Boy defends home from burglars,kids burglars,Macaulay Culkin,Chris Columbus
Dumb and Dumber 99,Comedy,Two foolish friends travel,stupid friends,Jim Carrey,Peter Farrelly
Ted 100,Comedy Fantasy,Man's teddy bear comes alive,talking toy,Mark Wahlberg,Seth MacFarlane
Forrest Gump 101,Drama Romance,Man influences historical events,life journey,Tom Hanks,Robert Zemeckis
The Shawshank Redemption 102,Drama,Hope and friendship in prison,prison escape,Tim Robbins,Frank Darabont
Fight Club 103,Drama,An underground fight club,split personality,Brad Pitt,David Fincher
Joker 104,Drama Crime,Man descends into madness,mental illness,Joaquin Phoenix,Todd Phillips
Whiplash 105,Drama Music,Drummer pushed to greatness,music obsession,Miles Teller,Damien Chazelle
Interstellar 106,Sci-Fi Adventure,Journey through space and time,space time,Matthew McConaughey,Christopher Nolan
Inception 107,Sci-Fi Thriller,Dream invasion heist,dream mind,Leonardo DiCaprio,Christopher Nolan
The Matrix 108,Sci-Fi Action,Reality is a simulation,virtual reality,Keanu Reeves,Wachowskis
Avatar 109,Sci-Fi Fantasy,Humans explore alien planet,alien world,Sam Worthington,James Cameron
Blade Runner 110,Sci-Fi Noir,Hunter tracks replicants,android future,Harrison Ford,Ridley Scott
The Conjuring 111,Horror,Paranormal investigators face evil,haunted house,Vera Farmiga,James Wan
It 112,Horror,Evil clown terrorizes children,killer clown,Bill Skarsgård,Andy Muschietti
Get Out 113,Horror Thriller,Dark secrets of a family,racial horror,Daniel Kaluuya,Jordan Peele
A Quiet Place 114,Horror Sci-Fi,Family survives deadly creatures,silence monsters,Emily Blunt,John Krasinski
The Exorcist 115,Horror,Child possessed by demon,demon possession,Linda Blair,William Friedkin
Titanic 116,Romance Drama,Love story on doomed ship,ship disaster,Leonardo DiCaprio,James Cameron
The Notebook 117,Romance,Enduring love story,true love,Ryan Gosling,Nick Cassavetes
La La Land 118,Romance Music,Love between artists,dream love,Ryan Gosling,Damien Chazelle
Before Sunrise 119,Romance,Two strangers meet in Vienna,travel love,Ethan Hawke,Richard Linklater
Pride and Prejudice 120,Romance Drama,Classic love story,society marriage,Keira Knightley,Joe Wright
Mad Max Fury Road 121,Action Adventure,Post-apocalyptic road war,survival chase,Tom Hardy Charlize Theron,George Miller
John Wick 122,Action Crime,An ex-hitman seeks revenge,assassin revenge,Keanu Reeves,Chad Stahelski
Die Hard 123,Action Thriller,Cop fights terrorists in a skyscraper,terrorist hostage,Bruce Willis,John McTiernan
Gladiator 124,Action Drama,A Roman general seeks revenge,roman empire,Russell Crowe,Ridley Scott
The Dark Knight 125,Action Crime,Batman faces the Joker,joker batman,Christian Bale,Christopher Nolan
The Hangover 126,Comedy,Friends wake up after wild party,vegas friends,Bradley Cooper,Todd Phillips
Superbad 127,Comedy,Teens try to enjoy their last school days,teen party,Jonah Hill,Greg Mottola
Home Alone 128,Comedy Family,Boy defends home from burglars,kids burglars,Macaulay Culkin,Chris Columbus
Dumb and Dumber 129,Comedy,Two foolish friends travel,stupid friends,Jim Carrey,Peter Farrelly
Ted 130,Comedy Fantasy,Man's teddy bear comes alive,talking toy,Mark Wahlberg,Seth MacFarlane
Forrest Gump 131,Drama Romance,Man influences historical events,life journey,Tom Hanks,Robert Zemeckis
The Shawshank Redemption 132,Drama,Hope and friendship in prison,prison escape,Tim Robbins,Frank Darabont
Fight Club 133,Drama,An underground fight club,split personality,Brad Pitt,David Fincher
Joker 134,Drama Crime,Man descends into madness,mental illness,Joaquin Phoenix,Todd Phillips
Whiplash 135,Drama Music,Drummer pushed to greatness,music obsession,Miles Teller,Damien Chazelle
Interstellar 136,Sci-Fi Adventure,Journey through space and time,space time,Matthew McConaughey,Christopher Nolan
Inception 137,Sci-Fi Thriller,Dream invasion heist,dream mind,Leonardo DiCaprio,Christopher Nolan
The Matrix 138,Sci-Fi Action,Reality is a simulation,virtual reality,Keanu Reeves,Wachowskis
Avatar 139,Sci-Fi Fantasy,Humans explore alien planet,alien world,Sam Worthington,James Cameron
Blade Runner 140,Sci-Fi Noir,Hunter tracks replicants,android future,Harrison Ford,Ridley Scott
The Conjuring 141,Horror,Paranormal investigators face evil,haunted house,Vera Farmiga,James Wan
It 142,Horror,Evil clown terrorizes children,killer clown,Bill Skarsgård,Andy Muschietti
Get Out 143,Horror Thriller,Dark secrets of a family,racial horror,Daniel Kaluuya,Jordan Peele
A Quiet Place 144,Horror Sci-Fi,Family survives deadly creatures,silence monsters,Emily Blunt,John Krasinski
The Exorcist 145,Horror,Child possessed by demon,demon possession,Linda Blair,William Friedkin
Titanic 146,Romance Drama,Love story on doomed ship,ship disaster,Leonardo DiCaprio,James Cameron
The Notebook 147,Romance,Enduring love story,true love,Ryan Gosling,Nick Cassavetes
La La Land 148,Romance Music,Love between artists,dream love,Ryan Gosling,Damien Chazelle
Before Sunrise 149,Romance,Two strangers meet in Vienna,travel love,Ethan Hawke,Richard Linklater
Pride and Prejudice 150,Romance Drama,Classic love story,society marriage,Keira Knightley,Joe Wright
Mad Max Fury Road 151,Action Adventure,Post-apocalyptic road war,survival chase,Tom Hardy Charlize Theron,George Miller
John Wick 152,Action Crime,An ex-hitman seeks revenge,assassin revenge,Keanu Reeves,Chad Stahelski
Die Hard 153,Action Thriller,Cop fights terrorists in a skyscraper,terrorist hostage,Bruce Willis,John McTiernan
Gladiator 154,Action Drama,A Roman general seeks revenge,roman empire,Russell Crowe,Ridley Scott
The Dark Knight 155,Action Crime,Batman faces the Joker,joker batman,Christian Bale,Christopher Nolan
The Hangover 156,Comedy,Friends wake up after wild party,vegas friends,Bradley Cooper,Todd Phillips
Superbad 157,Comedy,Teens try to enjoy their last school days,teen party,Jonah Hill,Greg Mottola
Home Alone 158,Comedy Family,Boy defends home from burglars,kids burglars,Macaulay Culkin,Chris Columbus
Dumb and Dumber 159,Comedy,Two foolish friends travel,stupid friends,Jim Carrey,Peter Farrelly
Ted 160,Comedy Fantasy,Man's teddy bear comes alive,talking toy,Mark Wahlberg,Seth MacFarlane
Forrest Gump 161,Drama Romance,Man influences historical events,life journey,Tom Hanks,Robert Zemeckis
The Shawshank Redemption 162,Drama,Hope and friendship in prison,prison escape,Tim Robbins,Frank Darabont
Fight Club 163,Drama,An underground fight club,split personality,Brad Pitt,David Fincher
Joker 164,Drama Crime,Man descends into madness,mental illness,Joaquin Phoenix,Todd Phillips
Whiplash 165,Drama Music,Drummer pushed to greatness,music obsession,Miles Teller,Damien Chazelle
Interstellar 166,Sci-Fi Adventure,Journey through space and time,space time,Matthew McConaughey,Christopher Nolan
Inception 167,Sci-Fi Thriller,Dream invasion heist,dream mind,Leonardo DiCaprio,Christopher Nolan
The Matrix 168,Sci-Fi Action,Reality is a simulation,virtual reality,Keanu Reeves,Wachowskis
Avatar 169,Sci-Fi Fantasy,Humans explore alien planet,alien world,Sam Worthington,James Cameron
Blade Runner 170,Sci-Fi Noir,Hunter tracks replicants,android future,Harrison Ford,Ridley Scott
The Conjuring 171,Horror,Paranormal investigators face evil,haunted house,Vera Farmiga,James Wan
It 172,Horror,Evil clown terrorizes children,killer clown,Bill Skarsgård,Andy Muschietti
Get Out 173,Horror Thriller,Dark secrets of a family,racial horror,Daniel Kaluuya,Jordan Peele
A Quiet Place 174,Horror Sci-Fi,Family survives deadly creatures,silence monsters,Emily Blunt,John Krasinski
The Exorcist 175,Horror,Child possessed by demon,demon possession,Linda Blair,William Friedkin
Titanic 176,Romance Drama,Love story on doomed ship,ship disaster,Leonardo DiCaprio,James Cameron
The Notebook 177,Romance,Enduring love story,true love,Ryan Gosling,Nick Cassavetes
La La Land 178,Romance Music,Love between artists,dream love,Ryan Gosling,Damien Chazelle
Before Sunrise 179,Romance,Two strangers meet in Vienna,travel love,Ethan Hawke,Richard Linklater
Pride and Prejudice 180,Romance Drama,Classic love story,society marriage,Keira Knightley,Joe Wright
Mad Max Fury Road 181,Action Adventure,Post-apocalyptic road war,survival chase,Tom Hardy Charlize Theron,George Miller
John Wick 182,Action Crime,An ex-hitman seeks revenge,assassin revenge,Keanu Reeves,Chad Stahelski
Die Hard 183,Action Thriller,Cop fights terrorists in a skyscraper,terrorist hostage,Bruce Willis,John McTiernan
Gladiator 184,Action Drama,A Roman general seeks revenge,roman empire,Russell Crowe,Ridley Scott
The Dark Knight 185,Action Crime,Batman faces the Joker,joker batman,Christian Bale,Christopher Nolan
The Hangover 186,Comedy,Friends wake up after wild party,vegas friends,Bradley Cooper,Todd Phillips
Superbad 187,Comedy,Teens try to enjoy their last school days,teen party,Jonah Hill,Greg Mottola
Home Alone 188,Comedy Family,Boy defends home from burglars,kids burglars,Macaulay Culkin,Chris Columbus
Dumb and Dumber 189,Comedy,Two foolish friends travel,stupid friends,Jim Carrey,Peter Farrelly
Ted 190,Comedy Fantasy,Man's teddy bear comes alive,talking toy,Mark Wahlberg,Seth MacFarlane
Forrest Gump 191,Drama Romance,Man influences historical events,life journey,Tom Hanks,Robert Zemeckis
The Shawshank Redemption 192,Drama,Hope and friendship in prison,prison escape,Tim Robbins,Frank Darabont
Fight Club 193,Drama,An underground fight club,split personality,Brad Pitt,David Fincher
Joker 194,Drama Crime,Man descends into madness,mental illness,Joaquin Phoenix,Todd Phillips
Whiplash 195,Drama Music,Drummer pushed to greatness,music obsession,Miles Teller,Damien Chazelle
Interstellar 196,Sci-Fi Adventure,Journey through space and time,space time,Matthew McConaughey,Christopher Nolan
Inception 197,Sci-Fi Thriller,Dream invasion heist,dream mind,Leonardo DiCaprio,Christopher Nolan
The Matrix 198,Sci-Fi Action,Reality is a simulation,virtual reality,Keanu Reeves,Wachowskis
Avatar 199,Sci-Fi Fantasy,Humans explore alien planet,alien world,Sam Worthington,James Cameron
Blade Runner 200,Sci-Fi Noir,Hunter tracks replicants,android future,Harrison Ford,Ridley Scott
